{
	"Loadout 1": {
		"isAvailableForEveryone": true,
		"weapons": [
			{
				"weapon": "WEAPON_PISTOL",
				"components": [
					"COMPONENT_PISTOL_CLIP_02",
					"COMPONENT_AT_PI_FLSH",
					"COMPONENT_AT_PI_SUPP_02"
				],
				"ammo": 250
			},
			{
				"weapon": "WEAPON_STUNGUN",
				"ammo": 250
			},
			{
				"weapon": "WEAPON_NIGHTSTICK",
				"ammo": 250
			},
			{
				"weapon": "WEAPON_FIREEXTINGUISHER",
				"ammo": 1000
			}
		]
	},
	"Loadout 2": {
		"isAvailableForEveryone": false,
		"useRanks": true,
		"availableForRanks": ["Officer I", "Officer II"],
		"weapons":	[
			{
				"weapon": "WEAPON_CARBINERIFLE",
				"components": [
					"COMPONENT_AT_AR_AFGRIP",
					"COMPONENT_AT_AR_SUPP",
					"COMPONENT_AT_AR_FLSH",
					"COMPONENT_CARBINERIFLE_CLIP_02"
				],
				"ammo": 250
			}
		]
	},
	"Loadout 3": {
		"isAvailableForEveryone": false,
		"useRanks": false,
		"availableForDepartments": [18],
		"weapons": [
			{
				"weapon": "WEAPON_MARKSMANRIFLE",
				"ammo": 250
			}
		]
	}
}