{
	"speedzone": {
		"speed": [0,5,10,20,30,40,50,60],
		"radius": [5,10,20,30,40,50,60,70,80,90,100]
	},
	"objects": [
		{
			"name": "Small cone",
			"model": "prop_roadcone02a"
		},
		{
			"name": "Big cone",
			"model": "prop_roadcone01a"
		},
		{
			"name": "Bigger cone",
			"model": "prop_barrier_wat_03b"
		},
		{
			"name": "Do not cross",
			"model": "prop_barrier_work05"
		},
		{
			"name": "Road work ahead",
			"model": "prop_barrier_work04a"
		},
		{
			"name": "Road work ahead 2",
			"model": "prop_barrier_work06b"
		},
		{
			"name": "Small barrier",
			"model": "prop_barrier_work01c"
		},
		{
			"name": "Big barrier",
			"model": "prop_barrier_work06a"
		}
	]
}